house_id,city,property_type,furnishing,area_sqft,bedrooms,bathrooms,age_years,distance_to_metro_km,listing_date,price_lakh
5001,Noida,Flat,Furnished,662.0,1,1,28,2.7,2025-02-04,23.2
5002,Delhi,House,Unfurnished,7628.859999999997,2,2,19,3.0,2023-08-08,342.415999999999
5003,Meerut,Flat,Furnished,1026.0,1,1,2,3.3,2024-06-26,31.4
5004,Noida,House,Furnished,1183.0,2,1,39,1.4,2024-03-30,70.8
5005,Delhi,Villa,Unfurnished,1557.0,4,3,19,5.4,2024-07-15,118.8
5006,Meerut,Flat,Unfurnished,598.0,1,1,10,3.8,2023-12-19,26.9
5007,Noida,House,Semi-Furnished,833.0,2,2,8,7.2,2024-01-05,54.7
5008,Dehradun,House,Unfurnished,1166.0,4,4,18,11.8,2024-02-01,42.8
5009,Roorkee,Flat,Furnished,1258.0,2,1,12,5.6,2024-11-28,35.9
5010,Dehradun,House,Unfurnished,961.0,1,1,37,3.6,2025-06-13,31.1
5011,Delhi,House,Furnished,1572.0,3,2,19,1.0,2024-02-05,70.7
5012,Noida,Studio,Semi-Furnished,1180.0,4,3,37,3.2,2023-01-24,59.7
5013,Noida,Flat,Furnished,717.0,3,2,19,3.8,2023-08-02,35.5
5014,Roorkee,Studio,Semi-Furnished,792.0,3,3,19,4.1,2023-04-24,30.1
5015,Haridwar,Flat,Semi-Furnished,1454.0,3,2,16,3.4,2024-11-19,40.2
5016,Meerut,House,Semi-Furnished,1290.0,4,3,37,2.2,2025-06-03,34.8
5017,Delhi,Villa,Semi-Furnished,564.0,1,1,26,6.2,2023-08-21,8.0
5018,Meerut,Flat,Furnished,1758.0,4,3,16,3.7,2024-08-07,59.7
5019,Roorkee,Flat,Semi-Furnished,1043.0,3,3,29,6.8,2024-06-06,38.0
5020,Haridwar,Villa,Unfurnished,1755.0,3,3,14,1.8,2024-04-25,64.1
5021,Meerut,Flat,Semi-Furnished,959.0,1,1,8,4.2,2025-08-27,35.6
5022,Dehradun,House,Semi-Furnished,989.0,3,3,30,7.4,2023-10-20,23.0
5023,Haridwar,Flat,Furnished,739.0,3,2,3,7.5,2024-11-13,30.9
5024,Dehradun,House,Semi-Furnished,2665.0,5,5,18,1.2,2024-08-16,40.3
5025,Meerut,House,Unfurnished,1031.0,1,1,16,3.1,2025-08-16,34.9
5026,Dehradun,Flat,Semi-Furnished,1911.0,3,2,17,2.5,2023-08-31,87.4
5027,Noida,Flat,Furnished,7626.0,1,1,8,7.5,2025-10-19,40.3
5028,Haridwar,Flat,Unfurnished,1161.0,4,3,15,4.5,2025-07-28,33.8
5029,Haridwar,Flat,Unfurnished,611.0,1,1,4,1.9,2024-05-05,23.3
5030,Delhi,Flat,Semi-Furnished,959.0,3,2,17,3.3,2025-06-21,78.2
5031,Delhi,Studio,Furnished,1547.0,4,4,29,2.2,2024-12-09,114.1
5032,Delhi,House,Unfurnished,708.0,1,1,5,3.4,2023-12-19,54.9
5033,Delhi,Flat,Furnished,1596.0,3,2,6,3.1,2025-07-23,117.0
5034,Noida,Flat,Unfurnished,1234.0,2,1,2,3.9,2023-01-27,88.7
5035,Meerut,Studio,Semi-Furnished,761.0,3,2,33,7.5,2023-06-02,22.3
5036,Meerut,Flat,Unfurnished,920.0,3,2,30,36.216999999999985,2025-08-29,15.4
5037,Meerut,Studio,Unfurnished,934.0,3,2,1,5.9,2025-05-18,30.5
5038,Delhi,House,Furnished,1078.0,1,1,22,36.2,2023-11-24,62.3
5039,Haridwar,House,Furnished,909.0,2,3,18,5.4,2025-12-15,31.7
5040,Delhi,Studio,Unfurnished,821.0,3,3,26,5.6,2024-12-20,57.9
5041,Haridwar,House,Unfurnished,986.0,2,1,14,4.7,2023-09-23,35.8
5042,Dehradun,House,Unfurnished,766.0,1,1,32,3.1,2025-07-28,30.8
5043,Noida,Flat,Unfurnished,698.0,1,1,20,0.299,2025-12-21,42.2
5044,Roorkee,Villa,Furnished,1078.0,3,2,9,1.3,2025-05-24,28.5
5045,Noida,Flat,Semi-Furnished,1494.0,3,3,20,2.8,2024-11-15,99.2
5046,Delhi,Studio,Unfurnished,642.0,1,1,9,4.4,2025-08-02,38.4
5047,Roorkee,Flat,Unfurnished,1098.0,3,2,20,1.5,2025-06-01,29.4
5048,Roorkee,Flat,Unfurnished,874.0,2,2,11,3.3,2024-06-19,26.8
5049,Haridwar,House,Semi-Furnished,779.0,2,1,17,2.9,2025-04-10,28.3
5050,Roorkee,Studio,Unfurnished,1478.0,2,2,12,3.0,2025-07-11,49.1
5051,Roorkee,Flat,Furnished,915.0,2,1,19,3.4,2023-02-06,25.2
5052,Delhi,Villa,Furnished,1853.0,4,4,19,5.0,2024-05-19,130.5
5053,Noida,House,Semi-Furnished,1043.0,1,1,27,2.5,2025-10-21,36.3
5054,Haridwar,House,Furnished,1255.0,4,4,14,2.9,2023-10-16,43.9
5055,Meerut,House,Unfurnished,1013.0,2,2,19,1.5,2024-11-03,26.0
5056,Noida,Studio,Unfurnished,842.0,1,1,12,2.4,2024-06-10,42.7
5057,Meerut,Flat,Furnished,1347.0,2,1,19,1.6,2024-10-04,38.2
5058,Delhi,Flat,Furnished,1039.0,1,1,25,4.5,2024-01-03,68.5
5059,Haridwar,Flat,Furnished,1354.0,4,3,31,11.7,2024-11-28,24.3
5060,Delhi,Flat,Furnished,1079.0,3,3,7,10.3,2025-04-20,70.3
5061,Dehradun,Flat,Semi-Furnished,750.0,3,3,10,1.9,2025-03-19,22.2
5062,Haridwar,Studio,Semi-Furnished,1058.0,2,2,4,4.6,2025-06-29,39.6
5063,Haridwar,Villa,Unfurnished,1043.0,3,2,39,3.5,2023-10-04,30.0
5064,Dehradun,Flat,Unfurnished,1534.0,2,1,27,0.5,2023-06-04,76.9
5065,Noida,House,Unfurnished,799.0,2,1,6,3.1,2024-08-16,42.4
5066,Roorkee,House,Unfurnished,1082.0,2,1,19,3.1,2023-06-30,21.8
5067,Roorkee,House,Unfurnished,600.0,1,1,12,2.8,2024-11-18,20.6
5068,Delhi,House,Furnished,1377.0,3,3,11,0.8,2024-02-25,62.0
5069,Noida,Flat,Semi-Furnished,751.0,3,2,19,1.3,2025-02-25,40.4
5070,Meerut,Studio,Unfurnished,583.0,2,2,25,1.4,2024-05-22,21.7
5071,Noida,House,Unfurnished,1074.0,3,2,26,1.3,2024-09-07,59.3
5072,Dehradun,House,Furnished,1615.0,3,3,1,0.9,2025-11-13,72.1
5073,Meerut,House,Unfurnished,643.0,2,1,29,2.6,2024-11-18,8.0
5074,Haridwar,Flat,Unfurnished,749.0,3,2,16,3.1,2025-10-28,22.9
5075,Haridwar,Flat,Furnished,845.0,3,2,36,3.9,2023-09-23,19.3
5076,Roorkee,Flat,Furnished,739.0,2,1,23,1.4,2025-11-24,8.3
5077,Delhi,House,Furnished,1252.0,2,1,37,2.7,2023-08-24,79.1
5078,Meerut,Villa,Semi-Furnished,827.0,3,3,10,3.2,2025-03-10,28.9
5079,Delhi,House,Furnished,852.0,1,1,26,0.4,2023-02-20,61.8
5080,Roorkee,Flat,Furnished,1345.0,3,2,13,6.2,2025-01-11,35.6
5081,Delhi,Studio,Furnished,1043.0,2,2,34,1.7,2025-08-22,57.3
5082,Dehradun,Villa,Furnished,1276.0,4,4,24,0.9,2023-10-24,56.5
5083,Noida,Villa,Semi-Furnished,781.0,1,1,30,14.4,2023-06-22,21.4
5084,Noida,House,Furnished,717.0,3,2,23,1.2,2024-02-13,36.6
5085,Dehradun,Studio,Semi-Furnished,577.0,1,1,30,2.4,2023-03-15,17.6
5086,Delhi,Flat,Unfurnished,2104.0,5,5,6,1.6,2023-01-03,163.6
5087,Noida,Flat,Furnished,980.0,1,1,19,6.2,2024-04-13,46.0
5088,Noida,Flat,Semi-Furnished,1194.0,2,1,28,2.5,2025-07-01,66.2
5089,Meerut,Flat,Unfurnished,1085.0,1,1,7,0.7,2024-03-17,42.8
5090,Delhi,Flat,Unfurnished,1160.0,4,4,3,0.3,2023-10-30,102.1
5091,Roorkee,Flat,Unfurnished,1116.0,2,2,22,2.0,2023-09-03,17.0
5092,Meerut,House,Unfurnished,2139.0,6,5,38,10.9,2023-03-28,75.8
5093,Haridwar,Flat,Furnished,762.0,1,1,12,36.216999999999985,2024-03-07,18.6
5094,Roorkee,House,Unfurnished,636.0,1,1,8,7.3,2023-12-12,21.1
5095,Dehradun,Flat,Furnished,770.0,3,3,29,1.4,2024-05-06,33.1
5096,Delhi,House,Unfurnished,687.0,3,2,10,2.7,2023-12-20,55.9
5097,Meerut,Flat,Semi-Furnished,1424.0,3,3,31,3.8,2024-10-08,40.7
5098,Delhi,Flat,Unfurnished,1461.0,2,2,8,2.8,2025-03-03,106.5
5099,Delhi,Studio,Furnished,783.0,3,3,7,0.3,2023-01-14,64.2
5100,Noida,House,Semi-Furnished,674.0,1,1,39,1.8,2023-01-07,24.5
5101,Meerut,Villa,Unfurnished,969.0,1,1,23,3.9,2023-10-31,10.4
5102,Haridwar,House,Furnished,1784.0,5,5,11,1.9,2023-09-09,83.7
5103,Delhi,House,Semi-Furnished,529.22,1,1,18,4.3,2023-04-07,27.6
5104,Delhi,Flat,Furnished,1319.0,3,3,24,0.8,2025-09-08,107.7
5105,Roorkee,House,Semi-Furnished,753.0,2,1,1,1.1,2023-04-07,20.6
5106,Roorkee,Flat,Furnished,1578.0,3,3,39,2.8,2025-07-25,48.3
5107,Delhi,Villa,Unfurnished,752.0,2,1,19,2.8,2023-03-14,61.2
5108,Haridwar,Studio,Semi-Furnished,992.0,1,1,38,5.7,2024-11-19,30.9
5109,Delhi,Villa,Unfurnished,647.0,1,1,31,2.3,2024-02-23,38.5
5110,Dehradun,Flat,Furnished,779.0,1,1,1,35.9,2024-09-04,29.0
5111,Dehradun,Flat,Furnished,1781.0,5,5,32,2.9,2024-07-25,72.6
5112,Roorkee,Flat,Furnished,1461.0,2,2,20,4.4,2023-09-01,28.7
5113,Haridwar,Flat,Semi-Furnished,953.0,2,2,35,4.3,2023-04-22,11.8
5114,Meerut,House,Unfurnished,809.0,1,1,24,3.0,2025-08-16,20.1
5115,Haridwar,House,Semi-Furnished,565.0,1,1,11,5.7,2025-03-09,9.1
5116,Haridwar,Flat,Semi-Furnished,955.0,1,1,28,8.1,2025-04-12,21.6
5117,Delhi,Villa,Unfurnished,1085.0,3,3,11,1.7,2024-11-07,81.8
5118,Noida,House,Furnished,1065.0,1,1,13,1.9,2024-07-15,77.1
5119,Haridwar,Flat,Furnished,1043.0,3,3,23,1.8,2025-07-20,40.5
5120,Delhi,House,Unfurnished,741.0,2,2,13,1.7,2023-06-26,53.5
5121,Haridwar,Studio,Unfurnished,1071.0,2,1,37,1.8,2024-10-26,34.7
5122,Delhi,Flat,Furnished,7098.0,1,1,0,3.2,2023-08-25,342.415999999999
5123,Haridwar,House,Furnished,1723.0,4,3,15,5.3,2024-12-14,58.6
5124,Delhi,House,Semi-Furnished,2108.0,6,5,1,1.7,2024-02-20,40.3
5125,Delhi,House,Unfurnished,6658.0,3,3,28,4.2,2024-04-12,341.3
5126,Meerut,Flat,Furnished,839.0,3,3,22,2.2,2023-12-29,20.3
5127,Noida,House,Unfurnished,1072.0,2,2,5,14.5,2024-10-15,53.7
5128,Roorkee,House,Semi-Furnished,887.0,1,1,3,3.7,2023-03-08,29.2
5129,Delhi,Villa,Unfurnished,846.0,1,1,29,5.2,2025-04-25,63.6
5130,Haridwar,Villa,Semi-Furnished,1074.0,2,2,8,1.3,2024-03-20,35.0
5131,Haridwar,Flat,Semi-Furnished,761.0,2,2,33,1.4,2025-12-09,18.1
5132,Dehradun,House,Semi-Furnished,1356.0,3,2,13,3.6,2024-05-06,54.4
5133,Roorkee,Villa,Unfurnished,1057.0,2,1,21,1.6,2023-05-15,21.8
5134,Haridwar,Studio,Semi-Furnished,1197.0,2,1,2,2.9,2023-11-11,38.5
5135,Meerut,Flat,Unfurnished,1029.0,2,2,20,3.1,2024-05-18,36.0
5136,Roorkee,Flat,Unfurnished,850.0,1,1,1,1.6,2024-02-25,43.4
5137,Haridwar,House,Furnished,787.0,3,3,8,1.5,2023-10-17,30.7
5138,Noida,Flat,Unfurnished,1009.0,3,2,37,3.5,2023-12-30,46.9
5139,Noida,House,Semi-Furnished,905.0,3,3,39,2.5,2025-03-13,48.2
5140,Dehradun,Studio,Furnished,1190.0,3,3,17,4.8,2024-02-17,47.2
5141,Roorkee,Flat,Furnished,1095.0,3,3,36,2.7,2023-06-20,28.2
5142,Meerut,Flat,Furnished,681.0,3,3,8,1.2,2024-11-08,23.9
5143,Roorkee,House,Semi-Furnished,1123.0,2,1,23,0.3,2025-03-20,32.7
5144,Dehradun,House,Furnished,685.0,1,1,28,3.9,2024-06-28,24.0
5145,Haridwar,Flat,Semi-Furnished,884.0,3,3,19,1.7,2025-03-04,17.3
5146,Noida,Flat,Unfurnished,989.0,2,1,0,3.3,2023-08-05,62.4
5147,Roorkee,Flat,Unfurnished,530.0,1,1,23,0.5,2023-06-08,8.0
5148,Delhi,House,Unfurnished,1132.0,4,3,9,1.6,2025-05-20,84.5
5149,Delhi,Villa,Furnished,1156.0,4,3,15,4.0,2025-05-14,76.7
5150,Roorkee,Flat,Furnished,1038.0,3,3,38,6.2,2024-07-15,17.6
5151,Noida,Flat,Unfurnished,945.0,1,1,26,6.3,2024-06-15,43.9
5152,Noida,House,Unfurnished,962.0,1,1,35,7.2,2024-05-16,47.2
5153,Haridwar,Flat,Unfurnished,779.0,2,1,7,3.0,2023-08-30,29.7
5154,Noida,Flat,Furnished,998.0,2,2,25,5.9,2025-02-20,45.3
5155,Delhi,Flat,Unfurnished,904.0,1,1,37,3.9,2024-02-22,51.2
5156,Noida,House,Semi-Furnished,1132.0,3,3,3,2.5,2025-04-03,68.1
5157,Noida,Flat,Semi-Furnished,719.0,2,2,34,2.1,2024-04-28,38.2
5158,Delhi,House,Semi-Furnished,1191.0,4,3,12,1.5,2025-07-18,101.0
5159,Dehradun,House,Semi-Furnished,1153.0,4,4,16,6.2,2025-07-16,52.1
5160,Roorkee,Flat,Unfurnished,1044.0,1,1,1,3.1,2025-06-07,33.2
5161,Delhi,Flat,Unfurnished,940.0,2,2,33,1.6,2023-10-22,70.8
5162,Delhi,House,Furnished,1331.0,2,2,8,2.7,2025-01-02,52.0
5163,Meerut,Flat,Unfurnished,612.0,1,1,39,10.2,2025-04-05,10.7
5164,Noida,Flat,Furnished,1288.0,4,3,1,0.8,2025-02-28,82.1
5165,Dehradun,Flat,Semi-Furnished,1194.0,3,2,4,0.8,2025-08-20,40.3
5166,Delhi,Flat,Semi-Furnished,1211.0,3,3,5,8.0,2023-06-22,107.2
5167,Roorkee,Studio,Unfurnished,1254.0,4,3,27,0.7,2024-12-20,43.4
5168,Dehradun,Flat,Furnished,1043.0,2,2,25,7.8,2025-02-04,22.3
5169,Haridwar,Flat,Semi-Furnished,6299.0,3,2,8,3.1,2024-01-27,220.7
5170,Delhi,Villa,Furnished,1371.0,4,4,4,4.1,2023-10-06,87.2
5171,Noida,House,Unfurnished,1275.0,4,4,10,7.4,2024-09-11,78.2
5172,Delhi,Flat,Semi-Furnished,1179.0,2,1,6,7.4,2023-10-10,79.8
5173,Delhi,Flat,Unfurnished,1043.0,2,1,28,5.3,2024-10-06,33.8
5174,Delhi,Studio,Unfurnished,1324.0,2,2,36,3.0,2023-05-12,93.9
5175,Roorkee,Flat,Furnished,1651.0,2,5,17,3.1,2024-03-08,52.5
5176,Haridwar,House,Unfurnished,1561.0,3,2,13,2.5,2024-03-10,63.7
5177,Noida,Flat,Unfurnished,1190.0,2,2,20,8.6,2025-03-14,67.6
5178,Haridwar,House,Unfurnished,636.0,1,1,13,3.9,2023-01-22,32.3
5179,Dehradun,House,Unfurnished,1525.0,2,1,7,6.9,2024-02-02,64.3
5180,Dehradun,Villa,Unfurnished,1042.0,2,1,3,0.299,2024-12-20,51.8
5181,Meerut,House,Unfurnished,529.22,1,1,26,2.3,2024-06-28,8.0
5182,Delhi,Flat,Unfurnished,1043.0,3,2,31,3.9,2025-03-30,40.3
5183,Noida,Flat,Furnished,650.0,1,1,20,2.2,2025-08-09,42.5
5184,Noida,House,Unfurnished,697.0,3,3,27,11.8,2025-04-29,40.3
5185,Delhi,House,Unfurnished,878.0,2,1,4,1.1,2024-01-02,72.0
5186,Haridwar,Flat,Unfurnished,1712.0,4,3,21,4.6,2023-05-22,57.8
5187,Meerut,Flat,Unfurnished,963.0,2,2,26,5.8,2023-04-06,16.7
5188,Delhi,House,Unfurnished,1206.0,3,2,24,1.5,2024-12-02,85.1
5189,Haridwar,House,Unfurnished,2022.0,5,4,19,5.7,2023-05-19,75.4
5190,Dehradun,Studio,Furnished,1916.0,3,2,4,4.3,2025-07-06,87.7
5191,Haridwar,Flat,Furnished,1058.0,2,1,39,17.2,2024-09-25,21.5
5192,Meerut,Flat,Unfurnished,1008.0,2,1,10,8.3,2023-02-09,33.5
5193,Roorkee,House,Furnished,705.0,3,2,9,3.0,2025-05-16,16.5
5194,Roorkee,House,Unfurnished,860.0,3,3,23,6.2,2023-07-31,12.6
5195,Meerut,House,Unfurnished,1273.0,4,3,29,4.3,2025-12-22,36.2
5196,Haridwar,Studio,Furnished,1260.0,3,2,38,2.1,2023-10-21,34.0
5197,Meerut,Studio,Semi-Furnished,1140.0,2,2,29,5.1,2024-08-25,35.1
5198,Roorkee,Villa,Unfurnished,1553.0,4,4,32,4.5,2024-05-20,56.3
5199,Noida,House,Unfurnished,7628.859999999997,3,2,36,9.0,2024-01-21,205.0
5200,Roorkee,Flat,Semi-Furnished,1075.0,2,1,25,0.8,2023-07-08,28.0
