bedrooms,bathrooms,age_years,price_lakh,listing_year,listing_month,listing_day,area_log,distance_log,city_Delhi,city_Haridwar,city_Meerut,city_Noida,city_Roorkee,property_type_House,property_type_Studio,property_type_Villa,furnishing_Semi-Furnished,furnishing_Unfurnished
-1.2733505719150802,-0.9759527659143634,0.8005142048402865,23.2,1.2725813949959954,-1.3221872824556444,-1.3897203211364997,-1.0846318147763803,-0.252335849036105,0,0,0,1,0,0,0,0,0,0
-0.37662481704530537,-0.046473941234017144,-0.005823550454909866,342.415999999999,-1.2473817634119388,0.4605371433272469,-0.9231755217620978,4.281210310814479,-0.12494617446334709,1,0,0,0,0,1,0,0,0,1
-1.2733505719150802,-0.9759527659143634,-1.528905977123614,31.4,0.012599815792028212,-0.1337043319337169,1.176276075422711,-0.12345134439920845,-0.006773734952330298,0,0,1,0,0,0,0,0,0,0
-0.37662481704530537,-0.9759527659143634,1.7860381279788597,70.8,0.012599815792028212,-1.0250665448251626,1.642820874797113,0.18899684683737847,-0.959638623435217,0,0,0,1,0,1,0,0,0,0
1.4168266926942443,0.8830048834463291,-0.005823550454909866,118.8,0.012599815792028212,0.163416405696765,-0.10672212285689435,0.7919101975990886,0.6430428653748472,1,0,0,0,0,0,0,1,0,1
-1.2733505719150802,-0.9759527659143634,-0.8121613057501061,26.9,-1.2473817634119388,1.6490200938491744,0.3598226765175076,-1.3075928198121642,0.17296845561876617,0,0,1,0,0,0,0,0,0,1
-0.37662481704530537,-0.046473941234017144,-0.9913474735934832,54.7,0.012599815792028212,-1.6193080200861263,-1.2730841212928992,-0.5806561604460144,1.0480087969352312,0,0,0,1,0,1,0,0,1,0
1.4168266926942443,1.8124837081266754,-0.09541663437659835,42.8,0.012599815792028212,-1.3221872824556444,-1.7396289206673012,0.15723253647379853,1.77564994442883,0,0,0,0,0,1,0,0,0,1
-0.37662481704530537,-0.9759527659143634,-0.6329751379067292,35.9,0.012599815792028212,1.3518993562186925,1.409548475109912,0.32389619783294155,0.6933239592285987,0,0,0,0,1,0,0,0,0,0
-1.2733505719150802,-0.9759527659143634,1.6068519601354827,31.1,1.2725813949959954,-0.1337043319337169,-0.33999452254409535,-0.26705609860884383,0.10342576407438733,0,0,0,0,0,1,0,0,0,1
0.5201009378244695,-0.046473941234017144,-0.005823550454909866,70.7,0.012599815792028212,-1.3221872824556444,-1.2730841212928992,0.8129551081004752,-1.2575532535173302,1,0,0,0,0,1,0,0,0,0
1.4168266926942443,0.8830048834463291,1.6068519601354827,59.7,-1.2473817634119388,-1.6193080200861263,0.94300367573551,0.1834246569000933,-0.04522272340369755,0,0,0,1,0,0,1,0,1,0
0.5201009378244695,-0.046473941234017144,-0.005823550454909866,35.5,-1.2473817634119388,0.4605371433272469,-1.6229927208237007,-0.9095930042642597,0.17296845561876617,0,0,0,1,0,0,0,0,0,0
0.5201009378244695,0.8830048834463291,-0.005823550454909866,30.1,-1.2473817634119388,-0.7279458071946806,0.94300367573551,-0.6913755870064033,0.27202948877307526,0,0,0,0,1,0,1,0,1,0
0.5201009378244695,-0.046473941234017144,-0.2746028022199753,40.2,0.012599815792028212,1.3518993562186925,0.3598226765175076,0.6416849515445967,0.030791289930696887,0,1,0,0,0,0,0,0,1,0
1.4168266926942443,0.8830048834463291,1.6068519601354827,34.8,1.2725813949959954,-0.1337043319337169,-1.5063565209801002,0.3790236810571233,-0.489564213679136,0,0,1,0,0,1,0,0,1,0
-1.2733505719150802,-0.9759527659143634,0.6213280369969095,8.0,-1.2473817634119388,0.4605371433272469,0.5930950762047086,-1.4359396257243346,0.8355011249166683,1,0,0,0,0,0,0,1,1,0
1.4168266926942443,0.8830048834463291,-0.2746028022199753,59.7,0.012599815792028212,0.4605371433272469,-1.0398117216056983,1.0584233076772689,0.13856704569537565,0,0,1,0,0,0,0,0,0,0
0.5201009378244695,0.8830048834463291,0.890107288761975,38.0,0.012599815792028212,-0.1337043319337169,-1.1564479214492989,-0.08739230556833226,0.966291438835944,0,0,0,0,1,0,0,0,1,0
0.5201009378244695,0.8830048834463291,-0.4537889700633523,64.1,0.012599815792028212,-0.7279458071946806,1.0596398755791105,1.0546741681799172,-0.7077553927015997,0,1,0,0,0,0,0,1,0,1
-1.2733505719150802,-0.9759527659143634,-0.9913474735934832,35.6,1.2725813949959954,0.4605371433272469,1.2929122752663116,-0.27162711036391707,0.30375876953804154,0,0,1,0,0,0,0,0,1,0
0.5201009378244695,0.8830048834463291,0.9797003726836634,23.0,-1.2473817634119388,1.0547786185882106,0.4764588763611081,-0.2040411514768517,1.0873843556502854,0,0,0,0,0,1,0,0,1,0
0.5201009378244695,-0.046473941234017144,-1.4393128932019255,30.9,0.012599815792028212,1.3518993562186925,-0.33999452254409535,-0.8433051914435166,1.106721937744945,0,1,0,0,0,0,0,0,0,0
2.3135524475640192,2.7419625328070216,-0.09541663437659835,40.3,0.012599815792028212,0.4605371433272469,0.009914076986706141,1.9717482421991996,-1.1018157891232863,0,0,0,0,0,1,0,0,1,0
-1.2733505719150802,-0.9759527659143634,-0.2746028022199753,34.9,1.2725813949959954,0.4605371433272469,0.009914076986706141,-0.11278415317594714,-0.08459828211875206,0,0,1,0,0,1,0,0,0,1
0.5201009378244695,-0.046473941234017144,-0.18500971829828683,87.4,-1.2473817634119388,0.4605371433272469,1.7594570746407134,1.2416101470684324,-0.3431373534858108,0,0,0,0,0,0,0,0,1,0
-1.2733505719150802,-0.9759527659143634,-0.9913474735934832,40.3,1.2725813949959954,1.0547786185882106,0.3598226765175076,4.2803868623079735,1.106721937744945,0,0,0,1,0,0,0,0,0,0
1.4168266926942443,0.8830048834463291,-0.3641958861416638,33.8,1.2725813949959954,0.163416405696765,1.409548475109912,0.1478019923351888,0.39540932914648574,0,1,0,0,0,0,0,0,0,1
-1.2733505719150802,-0.9759527659143634,-1.3497198092802372,23.3,0.012599815792028212,-0.4308250695641988,-1.2730841212928992,-1.2604352450892817,-0.6504159439578501,0,1,0,0,0,0,0,0,0,1
0.5201009378244695,-0.046473941234017144,-0.18500971829828683,78.2,1.2725813949959954,-0.1337043319337169,0.5930950762047086,-0.27162711036391707,-0.006773734952330298,1,0,0,0,0,0,0,0,1,0
1.4168266926942443,1.8124837081266754,0.890107288761975,114.1,0.012599815792028212,1.6490200938491744,-0.8065393219184973,0.7777673904867115,-0.489564213679136,1,0,0,0,0,0,1,0,0,0
-1.2733505719150802,-0.9759527659143634,-1.2601267253585486,54.9,-1.2473817634119388,1.6490200938491744,0.3598226765175076,-0.9372981133103863,0.030791289930696887,1,0,0,0,0,1,0,0,0,1
0.5201009378244695,-0.046473941234017144,-1.1705336414368601,117.0,1.2725813949959954,0.163416405696765,0.8263674758919096,0.8462130864793481,-0.08459828211875206,1,0,0,0,0,0,0,0,0,0
-0.37662481704530537,-0.9759527659143634,-1.528905977123614,88.7,-1.2473817634119388,-1.6193080200861263,1.2929122752663116,0.28162312985805005,0.2066605073299194,0,0,0,1,0,0,0,0,0,1
0.5201009378244695,-0.046473941234017144,1.2484796244487288,22.3,-1.2473817634119388,-0.1337043319337169,-1.6229927208237007,-0.7789595139735966,1.106721937744945,0,0,1,0,0,0,1,0,1,0
0.5201009378244695,-0.046473941234017144,0.9797003726836634,15.4,1.2725813949959954,0.4605371433272469,1.5261846749535126,-0.3627177232736161,3.51965866256142,0,0,1,0,0,0,0,0,0,1
0.5201009378244695,-0.046473941234017144,-1.6184990610453025,30.5,1.2725813949959954,-0.4308250695641988,0.24318647667390714,-0.3295821972057384,0.7659584333722895,0,0,1,0,0,0,1,0,0,1
-1.2733505719150802,-0.9759527659143634,0.26295570131015555,62.3,-1.2473817634119388,1.3518993562186925,0.94300367573551,-0.014966560813903289,3.5189121096780998,1,0,0,0,0,1,0,0,0,0
-0.37662481704530537,0.8830048834463291,-0.09541663437659835,31.7,1.2725813949959954,1.6490200938491744,-0.10672212285689435,-0.3891080723481459,0.6430428653748472,0,1,0,0,0,1,0,0,0,0
0.5201009378244695,0.8830048834463291,0.6213280369969095,57.9,0.012599815792028212,1.6490200938491744,0.4764588763611081,-0.6124881720482863,0.6933239592285987,1,0,0,0,0,0,1,0,0,1
-0.37662481704530537,-0.9759527659143634,-0.4537889700633523,35.8,-1.2473817634119388,0.7576578809577288,0.8263674758919096,-0.21070692398486668,0.45377291243722284,0,1,0,0,0,1,0,0,0,1
-1.2733505719150802,-0.9759527659143634,1.1588865405270403,30.8,1.2725813949959954,0.163416405696765,1.409548475109912,-0.7645947122426275,-0.08459828211875206,0,0,0,0,0,1,0,0,0,1
-1.2733505719150802,-0.9759527659143634,0.08376953346677861,42.2,1.2725813949959954,1.6490200938491744,0.5930950762047086,-0.9684970804503329,-1.962712800418221,0,0,0,1,0,0,0,0,0,1
0.5201009378244695,-0.046473941234017144,-0.9017543896717947,28.5,1.2725813949959954,-0.4308250695641988,0.94300367573551,-0.014966560813903289,-1.0291813149795959,0,0,0,0,1,0,0,1,0,0
0.5201009378244695,0.8830048834463291,0.08376953346677861,99.2,0.012599815792028212,1.3518993562186925,-0.10672212285689435,0.701251188158139,-0.20875975686067966,0,0,0,1,0,0,0,0,1,0
-1.2733505719150802,-0.9759527659143634,-0.9017543896717947,38.4,1.2725813949959954,0.4605371433272469,-1.6229927208237007,-1.1519072228880176,0.36542671516058767,1,0,0,0,0,0,1,0,0,1
0.5201009378244695,-0.046473941234017144,0.08376953346677861,29.4,1.2725813949959954,-0.1337043319337169,-1.7396289206673012,0.025371953295778175,-0.892935214301541,0,0,0,0,1,0,0,0,0,1
-0.37662481704530537,-0.046473941234017144,-0.7225682218284177,26.8,0.012599815792028212,-0.1337043319337169,0.3598226765175076,-0.47525128404193134,-0.006773734952330298,0,0,0,0,1,0,0,0,0,1
-0.37662481704530537,-0.9759527659143634,-0.18500971829828683,28.3,1.2725813949959954,-0.7279458071946806,-0.6899031220748968,-0.7276800558101394,-0.1663156402180395,0,1,0,0,0,1,0,0,1,0
-0.37662481704530537,-0.046473941234017144,-0.6329751379067292,49.1,1.2725813949959954,0.163416405696765,-0.5732669222312963,0.6776181923654396,-0.12494617446334709,0,0,0,0,1,0,1,0,0,1
-0.37662481704530537,-0.9759527659143634,-0.005823550454909866,25.2,-1.2473817634119388,-1.3221872824556444,-1.1564479214492989,-0.37467404215991706,0.030791289930696887,0,0,0,0,1,0,0,0,0,0
1.4168266926942443,1.8124837081266754,-0.005823550454909866,130.5,0.012599815792028212,-0.4308250695641988,0.3598226765175076,1.1739523914288135,0.5375864948345551,1,0,0,0,0,0,0,1,0,0
-1.2733505719150802,-0.9759527659143634,0.7109211209185979,36.3,1.2725813949959954,1.0547786185882106,0.5930950762047086,-0.08739230556833226,-0.3431373534858108,0,0,0,1,0,1,0,0,1,0
1.4168266926942443,1.8124837081266754,-0.4537889700633523,43.9,-1.2473817634119388,1.0547786185882106,0.009914076986706141,0.3186563455929084,-0.1663156402180395,0,1,0,0,0,1,0,0,0,0
-0.37662481704530537,-0.046473941234017144,-0.005823550454909866,26.0,0.012599815792028212,1.3518993562186925,-1.5063565209801002,-0.1514309629754666,-0.892935214301541,0,0,1,0,0,1,0,0,0,1
-1.2733505719150802,-0.9759527659143634,-0.6329751379067292,42.7,0.012599815792028212,-0.1337043319337169,-0.6899031220748968,-0.5570812970217384,-0.3905031805248269,0,0,0,1,0,0,1,0,0,1
-0.37662481704530537,-0.9759527659143634,-0.005823550454909866,38.2,0.012599815792028212,1.0547786185882106,-1.3897203211364997,0.4739176440061238,-0.8288483095159415,0,0,1,0,0,0,0,0,0,0
-1.2733505719150802,-0.9759527659143634,0.531734953075221,68.5,0.012599815792028212,-1.6193080200861263,-1.5063565209801002,-0.09582368005101563,0.39540932914648574,1,0,0,0,0,0,0,0,0,0
1.4168266926942443,0.8830048834463291,1.0692934566053518,24.3,0.012599815792028212,1.3518993562186925,1.409548475109912,0.48529361652524894,1.7628341405652723,0,1,0,0,0,0,0,0,0,0
0.5201009378244695,0.8830048834463291,-1.0809405575151716,70.3,1.2725813949959954,-0.7279458071946806,0.4764588763611081,-0.012931942460382156,1.5719833642974395,1,0,0,0,0,0,0,0,0,0
0.5201009378244695,0.8830048834463291,-0.8121613057501061,22.2,1.2725813949959954,-1.0250665448251626,0.3598226765175076,-0.8108967242920468,-0.6504159439578501,0,0,0,0,0,0,0,0,1,0
-0.37662481704530537,-0.046473941234017144,-1.3497198092802372,39.6,1.2725813949959954,-0.1337043319337169,1.5261846749535126,-0.056059814791741304,0.42485168635238313,0,1,0,0,0,0,1,0,1,0
0.5201009378244695,-0.046473941234017144,1.7860381279788597,30.0,-1.2473817634119388,1.0547786185882106,-1.3897203211364997,-0.08739230556833226,0.06751208507847441,0,1,0,0,0,0,0,1,0,1
-0.37662481704530537,-0.9759527659143634,0.7109211209185979,76.9,-1.2473817634119388,-0.1337043319337169,-1.3897203211364997,0.7592445336263949,-1.7276276632734109,0,0,0,0,0,0,0,0,0,1
-0.37662481704530537,-0.9759527659143634,-1.1705336414368601,42.4,0.012599815792028212,0.4605371433272469,0.009914076986706141,-0.6720727728856883,-0.08459828211875206,0,0,0,1,0,1,0,0,0,1
-0.37662481704530537,-0.9759527659143634,-0.005823550454909866,21.8,-1.2473817634119388,-0.1337043319337169,1.642820874797113,-0.006839371686674952,-0.08459828211875206,0,0,0,0,1,1,0,0,0,1
-1.2733505719150802,-0.9759527659143634,-0.6329751379067292,20.6,0.012599815792028212,1.3518993562186925,0.24318647667390714,-1.300271578514699,-0.20875975686067966,0,0,0,0,1,1,0,0,0,1
0.5201009378244695,0.8830048834463291,-0.7225682218284177,62.0,0.012599815792028212,-1.3221872824556444,1.0596398755791105,0.5222623035442153,-1.4297130331912977,1,0,0,0,0,1,0,0,0,0
0.5201009378244695,-0.046473941234017144,-0.005823550454909866,40.4,1.2725813949959954,-1.3221872824556444,1.0596398755791105,-0.807974075350395,-1.0291813149795959,0,0,0,1,0,0,0,0,1,0
-0.37662481704530537,-0.046473941234017144,0.531734953075221,21.7,0.012599815792028212,-0.4308250695641988,0.7097312760483091,-1.363294123427778,-0.959638623435217,0,0,1,0,0,0,1,0,0,1
0.5201009378244695,-0.046473941234017144,0.6213280369969095,59.3,0.012599815792028212,0.7576578809577288,-1.0398117216056983,-0.023123934556831212,-1.0291813149795959,0,0,0,1,0,1,0,0,0,1
0.5201009378244695,0.8830048834463291,-1.6184990610453025,72.1,1.2725813949959954,1.3518993562186925,-0.33999452254409535,0.8721897582500048,-1.3413668359146624,0,0,0,0,0,1,0,0,0,0
-0.37662481704530537,-0.9759527659143634,0.890107288761975,8.0,0.012599815792028212,1.3518993562186925,0.24318647667390714,-1.1484940592554365,-0.29710595413731483,0,0,1,0,0,1,0,0,0,1
0.5201009378244695,-0.046473941234017144,-0.2746028022199753,22.9,1.2725813949959954,1.0547786185882106,1.409548475109912,-0.8138232675039249,-0.08459828211875206,0,1,0,0,0,0,0,0,0,1
0.5201009378244695,-0.046473941234017144,1.5172588762137944,19.3,-1.2473817634119388,0.7576578809577288,0.8263674758919096,-0.5492789074468621,0.2066605073299194,0,1,0,0,0,0,0,0,0,0
-0.37662481704530537,-0.9759527659143634,0.3525487852318441,8.3,1.2725813949959954,1.3518993562186925,0.94300367573551,-0.8433051914435166,-0.959638623435217,0,0,0,0,1,0,0,0,0,0
-0.37662481704530537,-0.9759527659143634,1.6068519601354827,79.1,-1.2473817634119388,0.4605371433272469,0.94300367573551,0.3134039628054986,-0.252335849036105,1,0,0,0,0,1,0,0,0,0
0.5201009378244695,0.8830048834463291,-0.8121613057501061,28.9,1.2725813949959954,-1.0250665448251626,-0.6899031220748968,-0.5965144990547734,-0.04522272340369755,0,0,1,0,0,0,0,1,1,0
-1.2733505719150802,-0.9759527659143634,0.6213280369969095,61.8,-1.2473817634119388,-1.3221872824556444,0.4764588763611081,-0.5311804030510021,-1.8403624717555829,1,0,0,0,0,1,0,0,0,0
0.5201009378244695,-0.046473941234017144,-0.5433820539850408,35.6,1.2725813949959954,-1.6193080200861263,-0.5732669222312963,0.47065651444552237,0.8355011249166683,0,0,0,0,1,0,0,0,0,0
-0.37662481704530537,-0.046473941234017144,1.3380727083704174,57.3,1.2725813949959954,0.4605371433272469,0.7097312760483091,-0.08739230556833226,-0.7671803638933957,1,0,0,0,0,0,1,0,0,0
1.4168266926942443,1.8124837081266754,0.44214186915353254,56.5,-1.2473817634119388,1.0547786185882106,0.94300367573551,0.35507548042061204,-1.3413668359146624,0,0,0,0,0,0,0,1,0,0
-1.2733505719150802,-0.9759527659143634,0.9797003726836634,21.4,-1.2473817634119388,-0.1337043319337169,0.7097312760483091,-0.7220555447836601,2.077814269016199,0,0,0,1,0,0,0,1,1,0
0.5201009378244695,-0.046473941234017144,0.3525487852318441,36.6,0.012599815792028212,-1.3221872824556444,-0.33999452254409535,-0.9095930042642597,-1.1018157891232863,0,0,0,1,0,1,0,0,0,0
-1.2733505719150802,-0.9759527659143634,0.9797003726836634,17.6,-1.2473817634119388,-1.0250665448251626,-0.10672212285689435,-1.3859762908181685,-0.3905031805248269,0,0,0,0,0,0,1,0,1,0
2.3135524475640192,2.7419625328070216,-1.1705336414368601,163.6,-1.2473817634119388,-1.6193080200861263,-1.5063565209801002,1.4528255354537851,-0.8288483095159415,1,0,0,0,0,0,0,0,0,1
-1.2733505719150802,-0.9759527659143634,-0.005823550454909866,46.0,0.012599815792028212,-0.7279458071946806,-0.33999452254409535,-0.22409946764786076,0.8355011249166683,0,0,0,1,0,0,0,0,0,0
-0.37662481704530537,-0.9759527659143634,0.8005142048402865,66.2,1.2725813949959954,0.163416405696765,-1.7396289206673012,0.2093081087875373,-0.3431373534858108,0,0,0,1,0,0,0,0,1,0
-1.2733505719150802,-0.9759527659143634,-1.0809405575151716,42.8,0.012599815792028212,-1.0250665448251626,0.12655027683030665,-0.0007636545189272273,-1.52311025957881,0,0,1,0,0,0,0,0,0,1
1.4168266926942443,1.8124837081266754,-1.4393128932019255,102.1,-1.2473817634119388,1.0547786185882106,1.642820874797113,0.1459110147275858,-1.9614553885699244,1,0,0,0,0,0,0,0,0,1
-0.37662481704530537,-0.046473941234017144,0.26295570131015555,17.0,-1.2473817634119388,0.7576578809577288,-1.5063565209801002,0.06105384492028835,-0.5950205842194277,0,0,0,0,1,0,0,0,0,1
3.210278202433794,2.7419625328070216,1.6964450440571712,75.8,-1.2473817634119388,-1.0250665448251626,1.409548475109912,1.4890444774821157,1.6565197985606754,0,0,1,0,0,1,0,0,0,1
-1.2733505719150802,-0.9759527659143634,-0.6329751379067292,18.6,0.012599815792028212,-1.0250665448251626,-1.0398117216056983,-0.7760790278485259,3.51965866256142,0,1,0,0,0,0,0,0,0,0
-1.2733505719150802,-0.9759527659143634,-0.9913474735934832,21.1,-1.2473817634119388,1.6490200938491744,-0.4566307223876958,-1.1724983457861633,1.0678151802427545,0,0,0,0,1,1,0,0,0,1
0.5201009378244695,0.8830048834463291,0.890107288761975,33.1,0.012599815792028212,-0.4308250695641988,-1.1564479214492989,-0.7531701332688678,-0.959638623435217,0,0,0,0,0,0,0,0,0,0
0.5201009378244695,-0.046473941234017144,-0.8121613057501061,55.9,-1.2473817634119388,1.6490200938491744,0.4764588763611081,-1.0033356968386058,-0.252335849036105,1,0,0,0,0,1,0,0,0,1
0.5201009378244695,0.8830048834463291,1.0692934566053518,40.7,0.012599815792028212,1.0547786185882106,-0.9231755217620978,0.5959255806860358,0.17296845561876617,0,0,1,0,0,0,0,0,1,0
-0.37662481704530537,-0.046473941234017144,-0.9913474735934832,106.5,1.2725813949959954,-1.0250665448251626,-1.5063565209801002,0.6522263447578228,-0.20875975686067966,1,0,0,0,0,0,0,0,0,1
0.5201009378244695,0.8830048834463291,-1.0809405575151716,64.2,-1.2473817634119388,-1.6193080200861263,-0.22335832270049485,-0.7164454003399411,-1.9614553885699244,1,0,0,0,0,0,1,0,0,0
-1.2733505719150802,-0.9759527659143634,1.7860381279788597,24.5,-1.2473817634119388,-1.6193080200861263,-1.0398117216056983,-1.0452339807412772,-0.7077553927015997,0,0,0,1,0,1,0,0,1,0
-1.2733505719150802,-0.9759527659143634,0.3525487852318441,10.4,-1.2473817634119388,1.0547786185882106,1.7594570746407134,-0.2488665921180619,0.2066605073299194,0,0,1,0,0,0,0,1,0,1
2.3135524475640192,2.7419625328070216,-0.7225682218284177,83.7,-1.2473817634119388,0.7576578809577288,-0.8065393219184973,1.0906505389353813,-0.6504159439578501,0,1,0,0,0,1,0,0,0,0
-1.2733505719150802,-0.9759527659143634,-0.09541663437659835,27.6,-1.2473817634119388,-0.7279458071946806,-1.0398117216056983,-1.5754831969785275,0.3348836461473365,1,0,0,0,0,1,0,0,1,0
0.5201009378244695,0.8830048834463291,0.44214186915353254,107.7,1.2725813949959954,0.7576578809577288,-0.9231755217620978,0.42781522428227203,-1.4297130331912977,1,0,0,0,0,0,0,0,0,0
-0.37662481704530537,-0.9759527659143634,-1.6184990610453025,20.6,-1.2473817634119388,-0.7279458071946806,-1.0398117216056983,-0.8021404189180875,-1.1778298024576808,0,0,0,0,1,1,0,0,1,0
0.5201009378244695,0.8830048834463291,1.7860381279788597,48.3,1.2725813949959954,0.163416405696765,1.0596398755791105,0.8213169342746863,-0.20875975686067966,0,0,0,0,1,0,0,0,0,0
-0.37662481704530537,-0.9759527659143634,-0.005823550454909866,61.2,-1.2473817634119388,-1.0250665448251626,-0.22335832270049485,-0.8050553103287482,-0.20875975686067966,1,0,0,0,0,0,0,1,0,1
-1.2733505719150802,-0.9759527659143634,1.6964450440571712,30.9,0.012599815792028212,1.3518993562186925,0.3598226765175076,-0.19739554775157192,0.7178959503362673,0,1,0,0,0,0,1,0,1,0
-1.2733505719150802,-0.9759527659143634,1.0692934566053518,38.5,0.012599815792028212,-1.3221872824556444,0.8263674758919096,-1.1348941993603952,-0.43928311982538415,1,0,0,0,0,0,0,1,0,1
-1.2733505719150802,-0.9759527659143634,-1.6184990610453025,29.0,0.012599815792028212,0.7576578809577288,-1.3897203211364997,-0.7276800558101394,3.5056812145850182,0,0,0,0,0,0,0,0,0,0
2.3135524475640192,2.7419625328070216,1.1588865405270403,72.6,0.012599815792028212,0.163416405696765,1.0596398755791105,1.0869560547075763,-0.1663156402180395,0,0,0,0,0,0,0,0,0,0
-0.37662481704530537,-0.046473941234017144,0.08376953346677861,28.7,-1.2473817634119388,0.7576578809577288,-1.7396289206673012,0.6522263447578228,0.36542671516058767,0,0,0,0,1,0,0,0,0,0
-0.37662481704530537,-0.046473941234017144,1.4276657922921059,11.8,-1.2473817634119388,-0.7279458071946806,0.7097312760483091,-0.28539750252780977,0.3348836461473365,0,1,0,0,0,0,0,0,1,0
-1.2733505719150802,-0.9759527659143634,0.44214186915353254,20.1,1.2725813949959954,0.4605371433272469,0.009914076986706141,-0.6447883182195079,-0.12494617446334709,0,0,1,0,0,1,0,0,0,1
-1.2733505719150802,-0.9759527659143634,-0.7225682218284177,9.1,1.2725813949959954,-1.0250665448251626,-0.8065393219184973,-1.4320556806705655,0.7178959503362673,0,1,0,0,0,1,0,0,1,0
-1.2733505719150802,-0.9759527659143634,0.8005142048402865,21.6,1.2725813949959954,-0.7279458071946806,-0.4566307223876958,-0.28079777235334996,1.2181746695695606,0,1,0,0,0,0,0,0,1,0
0.5201009378244695,0.8830048834463291,-0.7225682218284177,81.8,0.012599815792028212,1.3518993562186925,-1.0398117216056983,-0.0007636545189272273,-0.7671803638933957,1,0,0,0,0,0,0,1,0,1
-1.2733505719150802,-0.9759527659143634,-0.5433820539850408,77.1,0.012599815792028212,0.163416405696765,-0.10672212285689435,-0.041589557756199304,-0.6504159439578501,0,0,0,1,0,1,0,0,0,0
0.5201009378244695,0.8830048834463291,0.3525487852318441,40.5,1.2725813949959954,0.163416405696765,0.4764588763611081,-0.08739230556833226,-0.7077553927015997,0,1,0,0,0,0,0,0,0,0
-0.37662481704530537,-0.046473941234017144,-0.5433820539850408,53.5,-1.2473817634119388,-0.1337043319337169,1.176276075422711,-0.8373770627284749,-0.7671803638933957,1,0,0,0,0,1,0,0,0,1
-0.37662481704530537,-0.9759527659143634,1.6068519601354827,34.7,0.012599815792028212,1.0547786185882106,1.176276075422711,-0.02926190880459331,-0.7077553927015997,0,1,0,0,0,0,1,0,0,1
-1.2733505719150802,-0.9759527659143634,-1.708092144966991,342.415999999999,-1.2473817634119388,0.4605371433272469,1.0596398755791105,4.122817816299673,-0.04522272340369755,1,0,0,0,0,0,0,0,0,0
1.4168266926942443,0.8830048834463291,-0.3641958861416638,58.6,0.012599815792028212,1.6490200938491744,-0.22335832270049485,1.0142800116059538,0.6173099458942043,0,1,0,0,0,1,0,0,0,0
3.210278202433794,2.7419625328070216,-1.6184990610453025,40.3,0.012599815792028212,-1.3221872824556444,0.4764588763611081,1.4569952004091007,-0.7671803638933957,1,0,0,0,0,1,0,0,1,0
0.5201009378244695,0.8830048834463291,0.8005142048402865,341.3,0.012599815792028212,-0.7279458071946806,-0.4566307223876958,3.982283924625553,0.30375876953804154,1,0,0,0,0,1,0,0,0,1
0.5201009378244695,0.8830048834463291,0.26295570131015555,20.3,-1.2473817634119388,1.6490200938491744,1.5261846749535126,-0.5649115026610473,-0.489564213679136,0,0,1,0,0,0,0,0,0,0
-0.37662481704530537,-0.046473941234017144,-1.2601267253585486,53.7,0.012599815792028212,1.0547786185882106,-0.10672212285689435,-0.027214010888806147,2.0883904005420026,0,0,0,1,0,1,0,0,0,1
-1.2733505719150802,-0.9759527659143634,-1.4393128932019255,29.2,-1.2473817634119388,-1.0250665448251626,-0.9231755217620978,-0.44285952892174524,0.13856704569537565,0,0,0,0,1,1,0,0,1,0
-1.2733505719150802,-0.9759527659143634,0.890107288761975,63.6,1.2725813949959954,-0.7279458071946806,1.0596398755791105,-0.546684258172213,0.5911652822722308,1,0,0,0,0,0,0,1,0,1
-0.37662481704530537,-0.046473941234017144,-0.9913474735934832,35.0,0.012599815792028212,-1.0250665448251626,0.4764588763611081,-0.023123934556831212,-1.0291813149795959,0,1,0,0,0,0,0,1,1,0
-0.37662481704530537,-0.046473941234017144,1.2484796244487288,18.1,1.2725813949959954,1.6490200938491744,-0.8065393219184973,-0.7789595139735966,-0.959638623435217,0,1,0,0,0,0,0,0,1,0
0.5201009378244695,-0.046473941234017144,-0.5433820539850408,54.4,0.012599815792028212,-0.4308250695641988,-1.1564479214492989,0.4885331014127514,0.10342576407438733,0,0,0,0,0,1,0,0,1,0
-0.37662481704530537,-0.9759527659143634,0.1733626173884671,21.8,-1.2473817634119388,-0.4308250695641988,-0.10672212285689435,-0.058134798749151596,-0.8288483095159415,0,0,0,0,1,0,0,1,0,1
-0.37662481704530537,-0.9759527659143634,-1.528905977123614,38.5,-1.2473817634119388,1.3518993562186925,-0.5732669222312963,0.21481509960961803,-0.1663156402180395,0,1,0,0,0,0,1,0,1,0
-0.37662481704530537,-0.046473941234017144,0.08376953346677861,36.0,0.012599815792028212,-0.4308250695641988,0.24318647667390714,-0.11704481475561458,-0.08459828211875206,0,0,1,0,0,0,0,0,0,1
-1.2733505719150802,-0.9759527659143634,-1.6184990610453025,43.4,0.012599815792028212,-1.3221872824556444,1.0596398755791105,-0.5363362043752472,-0.8288483095159415,0,0,0,0,1,0,0,0,0,1
0.5201009378244695,0.8830048834463291,-0.9913474735934832,30.7,-1.2473817634119388,1.0547786185882106,0.12655027683030665,-0.7052679189363465,-0.892935214301541,0,1,0,0,0,1,0,0,0,0
0.5201009378244695,-0.046473941234017144,1.6068519601354827,46.9,-1.2473817634119388,1.6490200938491744,1.642820874797113,-0.16011228003089026,0.06751208507847441,0,0,0,1,0,0,0,0,0,1
0.5201009378244695,0.8830048834463291,1.7860381279788597,48.2,1.2725813949959954,-1.0250665448251626,-0.33999452254409535,-0.3987837283286181,-0.3431373534858108,0,0,0,1,0,1,0,0,1,0
0.5201009378244695,0.8830048834463291,-0.18500971829828683,47.2,0.012599815792028212,-1.3221872824556444,0.12655027683030665,0.20194390958158603,0.4821911350961331,0,0,0,0,0,0,1,0,0,0
0.5201009378244695,0.8830048834463291,1.5172588762137944,28.2,-1.2473817634119388,-0.1337043319337169,0.4764588763611081,0.01936820371083937,-0.252335849036105,0,0,0,0,1,0,0,0,0,0
0.5201009378244695,0.8830048834463291,-0.9913474735934832,23.9,0.012599815792028212,1.3518993562186925,-0.9231755217620978,-1.0225741003270312,-1.1018157891232863,0,0,1,0,0,0,0,0,0,0
-0.37662481704530537,-0.9759527659143634,0.3525487852318441,32.7,1.2725813949959954,-1.0250665448251626,0.4764588763611081,0.07477507873738537,-1.9614553885699244,0,0,0,0,1,1,0,0,1,0
-1.2733505719150802,-0.9759527659143634,0.8005142048402865,24.0,0.012599815792028212,-0.1337043319337169,1.409548475109912,-1.0097297926370714,0.2066605073299194,0,0,0,0,0,1,0,0,0,0
0.5201009378244695,0.8830048834463291,-0.005823550454909866,17.3,1.2725813949959954,-1.0250665448251626,-1.3897203211364997,-0.4502922614146417,-0.7671803638933957,0,1,0,0,0,0,0,0,1,0
-0.37662481704530537,-0.9759527659143634,-1.708092144966991,62.4,-1.2473817634119388,0.4605371433272469,-1.2730841212928992,-0.2040411514768517,-0.006773734952330298,0,0,0,1,0,0,0,0,0,1
-1.2733505719150802,-0.9759527659143634,0.3525487852318441,8.0,-1.2473817634119388,-0.1337043319337169,-0.9231755217620978,-1.5722545183146526,-1.7276276632734109,0,0,0,0,1,0,0,0,0,1
1.4168266926942443,0.8830048834463291,-0.9017543896717947,84.5,1.2725813949959954,-0.4308250695641988,0.4764588763611081,0.09229163874968722,-0.8288483095159415,1,0,0,0,0,1,0,0,0,1
1.4168266926942443,0.8830048834463291,-0.3641958861416638,76.7,1.2725813949959954,-0.4308250695641988,-0.22335832270049485,0.1383307816450371,0.2396718647524418,1,0,0,0,0,0,0,1,0,0
0.5201009378244695,0.8830048834463291,1.6964450440571712,17.6,0.012599815792028212,0.163416405696765,-0.10672212285689435,-0.09793659060892353,0.8355011249166683,0,0,0,0,1,0,0,0,0,0
-1.2733505719150802,-0.9759527659143634,0.6213280369969095,43.9,0.012599815792028212,-0.1337043319337169,-0.10672212285689435,-0.3038933621924167,0.8580395045406543,0,0,0,1,0,0,0,0,0,1
-1.2733505719150802,-0.9759527659143634,1.4276657922921059,47.2,0.012599815792028212,-0.4308250695641988,0.009914076986706141,-0.26477415517701913,1.0480087969352312,0,0,0,1,0,1,0,0,0,1
-0.37662481704530537,-0.9759527659143634,-1.0809405575151716,29.7,-1.2473817634119388,0.4605371433272469,1.642820874797113,-0.7276800558101394,-0.12494617446334709,0,1,0,0,0,0,0,0,0,1
-0.37662481704530537,-0.046473941234017144,0.531734953075221,45.3,1.2725813949959954,-1.3221872824556444,0.4764588763611081,-0.18416436101821038,0.7659584333722895,0,0,0,1,0,0,0,0,0,0
-1.2733505719150802,-0.9759527659143634,1.6068519601354827,51.2,0.012599815792028212,-1.3221872824556444,0.7097312760483091,-0.40120931704069857,0.2066605073299194,1,0,0,0,0,0,0,0,0,1
0.5201009378244695,0.8830048834463291,-1.4393128932019255,68.1,1.2725813949959954,-0.7279458071946806,-1.5063565209801002,0.09229163874968722,-0.3431373534858108,0,0,0,1,0,1,0,0,1,0
-0.37662481704530537,-0.046473941234017144,1.3380727083704174,38.2,0.012599815792028212,-0.7279458071946806,1.409548475109912,-0.9034834861230407,-0.5414417967817524,0,0,0,1,0,0,0,0,1,0
1.4168266926942443,0.8830048834463291,-0.6329751379067292,101.0,1.2725813949959954,0.163416405696765,0.24318647667390714,0.2037872754938698,-0.892935214301541,1,0,0,0,0,1,0,0,1,0
1.4168266926942443,1.8124837081266754,-0.2746028022199753,52.1,1.2725813949959954,0.163416405696765,0.009914076986706141,0.1326283889423705,0.8355011249166683,0,0,0,0,0,1,0,0,1,0
-1.2733505719150802,-0.9759527659143634,-1.6184990610453025,33.2,1.2725813949959954,-0.1337043319337169,-1.0398117216056983,-0.08528950947132093,-0.08459828211875206,0,0,0,0,1,0,0,0,0,1
-0.37662481704530537,-0.046473941234017144,1.2484796244487288,70.8,-1.2473817634119388,1.0547786185882106,0.7097312760483091,-0.3155328719740151,-0.8288483095159415,1,0,0,0,0,0,0,0,0,1
-0.37662481704530537,-0.046473941234017144,-0.9913474735934832,52.0,1.2725813949959954,-1.6193080200861263,-1.6229927208237007,0.44769201474091336,-0.252335849036105,1,0,0,0,0,1,0,0,0,0
-1.2733505719150802,-0.9759527659143634,1.7860381279788597,10.7,1.2725813949959954,-0.7279458071946806,-1.2730841212928992,-1.2568493335081563,1.5574587654063659,0,0,1,0,0,0,0,0,0,1
1.4168266926942443,0.8830048834463291,-1.6184990610453025,82.1,1.2725813949959954,-1.3221872824556444,1.409548475109912,0.3756184550175697,-1.4297130331912977,0,0,0,1,0,0,0,0,0,0
0.5201009378244695,-0.046473941234017144,-1.3497198092802372,40.3,1.2725813949959954,0.4605371433272469,0.4764588763611081,0.2093081087875373,-1.4297130331912977,0,0,0,0,0,0,0,0,1,0
0.5201009378244695,0.8830048834463291,-1.2601267253585486,107.2,-1.2473817634119388,-0.1337043319337169,0.7097312760483091,0.2403333824908811,1.2001191641324576,1,0,0,0,0,0,0,0,1,0
1.4168266926942443,0.8830048834463291,0.7109211209185979,43.4,0.012599815792028212,1.6490200938491744,0.4764588763611081,0.3169069465712628,-1.52311025957881,0,0,0,0,1,0,1,0,0,1
-0.37662481704530537,-0.046473941234017144,0.531734953075221,22.3,1.2725813949959954,-1.3221872824556444,-1.3897203211364997,-0.08739230556833226,1.16339836898468,0,0,0,0,0,0,0,0,0,0
0.5201009378244695,-0.046473941234017144,-0.9913474735934832,220.7,0.012599815792028212,-1.6193080200861263,1.2929122752663116,3.8605617609860614,-0.08459828211875206,0,1,0,0,0,0,0,0,1,0
1.4168266926942443,1.8124837081266754,-1.3497198092802372,87.2,-1.2473817634119388,1.0547786185882106,-1.1564479214492989,0.512678126784711,0.27202948877307526,1,0,0,0,0,0,0,1,0,0
1.4168266926942443,1.8124837081266754,-0.8121613057501061,78.2,0.012599815792028212,0.7576578809577288,-0.5732669222312963,0.3533548611743239,1.0873843556502854,0,0,0,1,0,1,0,0,0,1
-0.37662481704530537,-0.9759527659143634,-1.1705336414368601,79.8,-1.2473817634119388,1.0547786185882106,-0.6899031220748968,0.18156411434448205,1.0873843556502854,1,0,0,0,0,0,0,0,1,0
-0.37662481704530537,-0.9759527659143634,0.8005142048402865,33.8,0.012599815792028212,1.0547786185882106,-1.1564479214492989,-0.08739230556833226,0.6173099458942043,1,0,0,0,0,0,0,0,0,1
-0.37662481704530537,-0.046473941234017144,1.5172588762137944,93.9,-1.2473817634119388,-0.4308250695641988,-0.4566307223876958,0.43611909185042985,-0.12494617446334709,1,0,0,0,0,0,1,0,0,1
-0.37662481704530537,2.7419625328070216,-0.18500971829828683,52.5,0.012599815792028212,-1.0250665448251626,-0.9231755217620978,0.9205817603282469,-0.08459828211875206,0,0,0,0,1,0,0,0,0,0
0.5201009378244695,-0.046473941234017144,-0.5433820539850408,63.7,0.012599815792028212,-1.0250665448251626,-0.6899031220748968,0.7975419195450374,-0.3431373534858108,0,1,0,0,0,1,0,0,0,1
-0.37662481704530537,-0.046473941234017144,0.08376953346677861,67.6,1.2725813949959954,-1.0250665448251626,-0.22335832270049485,0.20194390958158603,1.3055755346727493,0,0,0,1,0,0,0,0,0,1
-1.2733505719150802,-0.9759527659143634,-0.5433820539850408,32.3,-1.2473817634119388,-1.6193080200861263,0.7097312760483091,-1.1724983457861633,0.2066605073299194,0,1,0,0,0,1,0,0,0,1
-0.37662481704530537,-0.9759527659143634,-1.0809405575151716,64.3,0.012599815792028212,-1.3221872824556444,-1.6229927208237007,0.7463288915732564,0.9871070912405495,0,0,0,0,0,1,0,0,0,1
-0.37662481704530537,-0.9759527659143634,-1.4393128932019255,51.8,0.012599815792028212,1.6490200938491744,0.4764588763611081,-0.08949711680326043,-1.962712800418221,0,0,0,0,0,0,0,1,0,1
-1.2733505719150802,-0.9759527659143634,0.6213280369969095,8.0,0.012599815792028212,-0.1337043319337169,1.409548475109912,-1.5754831969785275,-0.43928311982538415,0,0,1,0,0,1,0,0,0,1
0.5201009378244695,-0.046473941234017144,1.0692934566053518,40.3,1.2725813949959954,-1.0250665448251626,1.642820874797113,-0.08739230556833226,0.2066605073299194,1,0,0,0,0,0,0,0,0,1
-1.2733505719150802,-0.9759527659143634,0.08376953346677861,42.5,1.2725813949959954,0.4605371433272469,-0.8065393219184973,-1.1247492836076938,-0.489564213679136,0,0,0,1,0,0,0,0,0,0
0.5201009378244695,0.8830048834463291,0.7109211209185979,40.3,1.2725813949959954,-0.7279458071946806,1.5261846749535126,-0.9716414909452482,1.77564994442883,0,0,0,1,0,1,0,0,0,1
-0.37662481704530537,-0.9759527659143634,-1.3497198092802372,72.0,0.012599815792028212,-1.6193080200861263,-1.6229927208237007,-0.4652336139706998,-1.1778298024576808,1,0,0,0,0,1,0,0,0,1
1.4168266926942443,0.8830048834463291,0.1733626173884671,57.8,-1.2473817634119388,-0.4308250695641988,0.7097312760483091,1.000221148410116,0.42485168635238313,0,1,0,0,0,0,0,0,0,1
-0.37662481704530537,-0.046473941234017144,0.6213280369969095,16.7,-1.2473817634119388,-0.7279458071946806,-1.1564479214492989,-0.2624945801352752,0.7421038985291563,0,0,1,0,0,0,0,0,0,1
0.5201009378244695,-0.046473941234017144,0.44214186915353254,85.1,0.012599815792028212,1.6490200938491744,-1.6229927208237007,0.23125370707349452,-0.892935214301541,1,0,0,0,0,1,0,0,0,1
2.3135524475640192,1.8124837081266754,-0.005823550454909866,75.4,-1.2473817634119388,-0.4308250695641988,0.3598226765175076,1.365555155728266,0.7178959503362673,0,1,0,0,0,1,0,0,0,1
0.5201009378244695,-0.046473941234017144,-1.3497198092802372,87.7,1.2725813949959954,0.163416405696765,-1.1564479214492989,1.24734629646504,0.3348836461473365,0,0,0,0,0,0,1,0,0,0
-0.37662481704530537,-0.9759527659143634,1.7860381279788597,21.5,0.012599815792028212,0.7576578809577288,1.0596398755791105,-0.056059814791741304,2.3507817486235436,0,1,0,0,0,0,0,0,0,0
-0.37662481704530537,-0.9759527659143634,-0.8121613057501061,33.5,-1.2473817634119388,-1.3221872824556444,-0.8065393219184973,-0.16228798140301715,1.253697951570133,0,0,1,0,0,0,0,0,0,1
0.5201009378244695,-0.046473941234017144,-0.9017543896717947,16.5,1.2725813949959954,-0.4308250695641988,0.009914076986706141,-0.9466113584543999,-0.12494617446334709,0,0,0,0,1,1,0,0,0,0
0.5201009378244695,0.8830048834463291,0.3525487852318441,12.6,-1.2473817634119388,0.163416405696765,1.7594570746407134,-0.510677380366231,0.8355011249166683,0,0,0,0,1,1,0,0,0,1
1.4168266926942443,0.8830048834463291,0.890107288761975,36.2,1.2725813949959954,1.6490200938491744,0.7097312760483091,0.349909573635619,0.3348836461473365,0,0,1,0,0,1,0,0,0,1
0.5201009378244695,-0.046473941234017144,1.6964450440571712,34.0,-1.2473817634119388,1.0547786185882106,0.5930950762047086,0.32738250071661085,-0.5414417967817524,0,1,0,0,0,0,1,0,0,0
-0.37662481704530537,-0.046473941234017144,0.890107288761975,35.1,0.012599815792028212,0.4605371433272469,1.0596398755791105,0.10774549568392289,0.5645954835844454,0,0,1,0,0,0,1,0,1,0
1.4168266926942443,1.8124837081266754,1.1588865405270403,56.3,0.012599815792028212,-0.4308250695641988,0.4764588763611081,0.7862639982029068,0.39540932914648574,0,0,0,0,1,0,0,1,0,1
0.5201009378244695,-0.046473941234017144,1.5172588762137944,205.0,0.012599815792028212,-1.6193080200861263,0.5930950762047086,4.281210310814479,1.3722789438064253,0,0,0,1,0,1,0,0,0,1
-0.37662481704530537,-0.9759527659143634,0.531734953075221,28.0,-1.2473817634119388,0.163416405696765,-0.9231755217620978,-0.02108174904888505,-1.4297130331912977,0,0,0,0,1,0,0,0,1,0
